dataset,smoothness_used_graph
mnist,0.43036144370062424
sp500,0.9926613828375866
tcga_brca,0.6796346653531545
